{"cameraMode":{"drawMode":0,"name":"Shaded","section":"Shading Mode"},"sceneLighting":false,"audioPlay":false,"sceneViewState":{"m_AlwaysRefresh":false,"showFog":true,"showSkybox":false,"showFlares":true,"showImageEffects":true,"showParticleSystems":true,"showVisualEffectGraphs":true,"m_FxEnabled":true},"in2DMode":false,"pivot":{"x":-0.20686419308185578,"y":1.0123270750045777,"z":7.452676773071289},"rotation":{"x":-0.18621410429477693,"y":-0.14181746542453767,"z":0.027197768911719323,"w":-0.9718774557113648},"size":1.3490737676620484,"orthographic":false}